{
    "$schema": "https://schema.management.azure.com/schemas/2015-01-01/deploymentTemplate.json#",
    "contentVersion": "1.0.0.0",
    "parameters": {
      "vnetName": {
        "type": "string",
        "defaultValue": "VNet1",
        "metadata": {
          "description": "VNet name"
        }
      },
      "vnetAddressPrefix": {
        "type": "string",
        "defaultValue": "10.0.0.0/16",
        "metadata": {
          "description": "Address prefix"
        }
      },
      "subnet1Prefix": {
        "type": "string",
        "defaultValue": "10.0.0.0/24",
        "metadata": {
          "description": "Subnet 1 Prefix"
        }
      },
      "subnet1Name": {
        "type": "string",
        "defaultValue": "Subnet1",
        "metadata": {
          "description": "Subnet 1 Name"
        }
      },
      "subnet2Prefix": {
        "type": "string",
        "defaultValue": "10.0.1.0/24",
        "metadata": {
          "description": "Subnet 2 Prefix"
        }
      },
      "subnet2Name": {
        "type": "string",
        "defaultValue": "Subnet2",
        "metadata": {
          "description": "Subnet 2 Name"
        }
      }
    },
    "variables": {
      "apiVersion": "2015-06-15"
    },
    "resources": [
      {
        "apiVersion": "[variables('apiVersion')]",
        "type": "Microsoft.Network/virtualNetworks",
        "name": "[parameters('vnetName')]",
        "location": "[resourceGroup().location]",
        "properties": {
          "addressSpace": {
            "addressPrefixes": [
              "[parameters('vnetAddressPrefix')]"
            ]
          },
          "subnets": [
            {
              "name": "[parameters('subnet1Name')]",
              "properties": {
                "addressPrefix": "[parameters('subnet1Prefix')]"
              }
            },
            {
              "name": "[parameters('subnet2Name')]",
              "properties": {
                "addressPrefix": "[parameters('subnet2Prefix')]"
              }
            }
          ]
        }
      }
    ]
  }