{
  "$schema": "https://schema.management.azure.com/schemas/2015-01-01/deploymentTemplate.json#",
  "contentVersion": "1.0.0.0",
  "resources": [
    {
      "apiVersion": "2017-05-10",
      "name": "linkedTemplate",
      "type": "Microsoft.Resources/deployments",
      "properties": {
        "mode": "Incremental",
        "templateLink": {
          "uri": "https://armdemonestedacc.blob.core.windows.net/test/Helloworld.json",
          "contentVersion": "1.0.0.0"
        }
      }
    }
  ],
  "outputs": {
    "result": {
      "type": "string",
      "value": "[reference('linkedTemplate').outputs.result.value]"
    }
  }
}